country_canonical,iso2,region
UNITED STATES,US,NORTH AMERICA
CANADA,CA,NORTH AMERICA
MEXICO,MX,LATAM & CARIBBEAN
BRAZIL,BR,LATAM & CARIBBEAN
ARGENTINA,AR,LATAM & CARIBBEAN
COLOMBIA,CO,LATAM & CARIBBEAN
COSTA RICA,CR,LATAM & CARIBBEAN
BAHAMAS,BS,LATAM & CARIBBEAN
ANGUILLA,AI,LATAM & CARIBBEAN
SAINT KITTS AND NEVIS,KN,LATAM & CARIBBEAN
UNITED KINGDOM,GB,EUROPE
IRELAND,IE,EUROPE
FRANCE,FR,EUROPE
GERMANY,DE,EUROPE
SPAIN,ES,EUROPE
PORTUGAL,PT,EUROPE
ITALY,IT,EUROPE
NETHERLANDS,NL,EUROPE
BELGIUM,BE,EUROPE
SWITZERLAND,CH,EUROPE
AUSTRIA,AT,EUROPE
POLAND,PL,EUROPE
CZECH REPUBLIC,CZ,EUROPE
HUNGARY,HU,EUROPE
ROMANIA,RO,EUROPE
BULGARIA,BG,EUROPE
GREECE,GR,EUROPE
SWEDEN,SE,EUROPE
NORWAY,NO,EUROPE
DENMARK,DK,EUROPE
FINLAND,FI,EUROPE
RUSSIA,RU,EUROPE
AZERBAIJAN,AZ,EUROPE
UNITED ARAB EMIRATES,AE,MIDDLE EAST & AFRICA
SAUDI ARABIA,SA,MIDDLE EAST & AFRICA
QATAR,QA,MIDDLE EAST & AFRICA
KUWAIT,KW,MIDDLE EAST & AFRICA
BAHRAIN,BH,MIDDLE EAST & AFRICA
JORDAN,JO,MIDDLE EAST & AFRICA
LEBANON,LB,MIDDLE EAST & AFRICA
EGYPT,EG,MIDDLE EAST & AFRICA
MOROCCO,MA,MIDDLE EAST & AFRICA
TUNISIA,TN,MIDDLE EAST & AFRICA
SOUTH AFRICA,ZA,MIDDLE EAST & AFRICA
TANZANIA,TZ,MIDDLE EAST & AFRICA
MAURITIUS,MU,MIDDLE EAST & AFRICA
SEYCHELLES,SC,MIDDLE EAST & AFRICA
CHINA,CN,ASIA PACIFIC
HONG KONG,HK,ASIA PACIFIC
MACAU,MO,ASIA PACIFIC
TAIWAN,TW,ASIA PACIFIC
JAPAN,JP,ASIA PACIFIC
SOUTH KOREA,KR,ASIA PACIFIC
INDIA,IN,ASIA PACIFIC
INDONESIA,ID,ASIA PACIFIC
THAILAND,TH,ASIA PACIFIC
PHILIPPINES,PH,ASIA PACIFIC
MALAYSIA,MY,ASIA PACIFIC
SINGAPORE,SG,ASIA PACIFIC
VIETNAM,VN,ASIA PACIFIC
MALDIVES,MV,ASIA PACIFIC
AUSTRALIA,AU,ASIA PACIFIC
FRENCH POLYNESIA,PF,ASIA PACIFIC
PALAU,PW,ASIA PACIFIC
TURKEY,TR,EUROPE
PERU,PE,LATAM & CARIBBEAN
CHILE,CL,LATAM & CARIBBEAN
ECUADOR,EC,LATAM & CARIBBEAN
URUGUAY,UY,LATAM & CARIBBEAN
PANAMA,PA,LATAM & CARIBBEAN
GUATEMALA,GT,LATAM & CARIBBEAN
HONDURAS,HN,LATAM & CARIBBEAN
DOMINICAN REPUBLIC,DO,LATAM & CARIBBEAN
PUERTO RICO,PR,LATAM & CARIBBEAN
US VIRGIN ISLANDS,VI,LATAM & CARIBBEAN
FRENCH GUIANA,GF,LATAM & CARIBBEAN
ICELAND,IS,EUROPE
LUXEMBOURG,LU,EUROPE
MONACO,MC,EUROPE
MALTA,MT,EUROPE
CYPRUS,CY,EUROPE
CROATIA,HR,EUROPE
SLOVENIA,SI,EUROPE
SLOVAKIA,SK,EUROPE
SERBIA,RS,EUROPE
ESTONIA,EE,EUROPE
LATVIA,LV,EUROPE
LITHUANIA,LT,EUROPE
UKRAINE,UA,EUROPE
GEORGIA,GE,EUROPE
KAZAKHSTAN,KZ,EUROPE
ISRAEL,IL,MIDDLE EAST & AFRICA
OMAN,OM,MIDDLE EAST & AFRICA
IRAN,IR,MIDDLE EAST & AFRICA
KENYA,KE,MIDDLE EAST & AFRICA
NIGERIA,NG,MIDDLE EAST & AFRICA
SRI LANKA,LK,ASIA PACIFIC
MYANMAR,MM,ASIA PACIFIC
CAMBODIA,KH,ASIA PACIFIC
PAKISTAN,PK,ASIA PACIFIC
NEW ZEALAND,NZ,ASIA PACIFIC
GUAM,GU,ASIA PACIFIC
