merchant,unit_type,brand_total_units,brand_total_countries,operating_model,source_name,source_url,as_of_period,source_tier
Starbucks,stores,40199,87,company_operated_and_licensed,Starbucks Q4 FY2024 earnings release (40199 stores) and FY2024 Form 10-K (87 markets),https://investor.starbucks.com/news/financial-releases/news-details/2024/Starbucks-Reports-Q4-and-Full-Fiscal-Year-2024-Results/default.aspx,2024-09-29,A
Marriott,properties,9361,144,managed_and_franchised,Marriott International 2024 Form 10-K,https://www.sec.gov/Archives/edgar/data/1048286/000162828025004818/mar-20241231.htm,2024-12-31,A
Accor,hotels,5682,110,managed_and_franchised,Accor FY2024 results press release (more than 110 countries),https://press.accor.com/full-year-2024-results-another-record-year/?lang=eng,2024-12-31,A
Burger King / King Foods,restaurants,19732,125,franchised,Restaurant Brands International 2024 Form 10-K,https://s26.q4cdn.com/317237604/files/doc_financials/2024/ar/b16f0901-feeb-4cff-9658-3baf738cef10.pdf,2024-12-31,A
Four Seasons,hotels_and_resorts,141,50,managed,Four Seasons official property directory (141 open; 3 more opening 2027),https://www.fourseasons.com/find_a_hotel_or_resort/,2026-10-01,A
Luxottica,retail_stores,17750,150,corporate_retail_and_franchise,Wikipedia citing EssilorLuxottica Universal Registration Document 2025 (stores); group footprint page states more than 150 countries,https://en.wikipedia.org/wiki/EssilorLuxottica,2025-12-31,B
SSP,units,3000,37,operated_and_franchised,SSP Group Q1 FY2025 trading update (over 3000 units across 37 countries),https://www.foodtravelexperts.com/media/zgumb51w/ssp-group-plc-q1-trading-update-2025.pdf,2024-12-31,A
Dolce & Gabbana,monobrand_boutiques,222,41,retail_and_wholesale,Business of Fashion article (undated; figure stated as current; retrieved 2026-10-01),https://www.businessoffashion.com/articles/retail/dolce-gabbanas-local-retail-revolution/,2026-10-01,C
Subdued,stores,95,13,retail,FashionNetwork on Osit Impresa 2024 results (95 stores; 13 countries named),"https://ww.fashionnetwork.com/news/Subdued-enters-norway-sweden-and-ireland-after-strong-european-sales-surge,1729904.html",2024-12-31,B
