merchant,country,operator_name,operator_role,planet_existing_relationship,evidence,source_name,source_url,as_of_period
Starbucks,UNITED ARAB EMIRATES,Alshaya Group,licensee,true,Planet serves 431 active Starbucks locations in the UAE where Alshaya is the Starbucks licensee (3 rows name Alshaya directly),Starbucks Turkiye corporate page (Alshaya-operated markets),https://www.starbucks.com.tr/en/hakkimizda/sirketimiz,2026-10
Starbucks,SAUDI ARABIA,Alshaya Group,licensee,false,Alshaya operates Starbucks in 11 MENA markets plus Kazakhstan and Azerbaijan; Planet relationship confirmed in UAE,Starbucks Turkiye corporate page (Alshaya-operated markets),https://www.starbucks.com.tr/en/hakkimizda/sirketimiz,2026-10
Starbucks,TURKEY,Alshaya Group,licensee,false,Alshaya's largest Starbucks market; Planet relationship confirmed in UAE,Starbucks Turkiye corporate page (Alshaya-operated markets),https://www.starbucks.com.tr/en/hakkimizda/sirketimiz,2026-10
Starbucks,KUWAIT,Alshaya Group,licensee,false,Alshaya home market; Planet relationship confirmed in UAE,Starbucks Turkiye corporate page (Alshaya-operated markets),https://www.starbucks.com.tr/en/hakkimizda/sirketimiz,2026-10
Starbucks,QATAR,Alshaya Group,licensee,false,Alshaya-operated Starbucks market; Planet relationship confirmed in UAE,Starbucks Turkiye corporate page (Alshaya-operated markets),https://www.starbucks.com.tr/en/hakkimizda/sirketimiz,2026-10
Starbucks,BAHRAIN,Alshaya Group,licensee,false,Alshaya-operated Starbucks market; Planet relationship confirmed in UAE,Starbucks Turkiye corporate page (Alshaya-operated markets),https://www.starbucks.com.tr/en/hakkimizda/sirketimiz,2026-10
Starbucks,OMAN,Alshaya Group,licensee,false,Alshaya-operated Starbucks market; Planet relationship confirmed in UAE,Starbucks Turkiye corporate page (Alshaya-operated markets),https://www.starbucks.com.tr/en/hakkimizda/sirketimiz,2026-10
Starbucks,EGYPT,Alshaya Group,licensee,false,Alshaya-operated Starbucks market; Planet relationship confirmed in UAE,Starbucks Turkiye corporate page (Alshaya-operated markets),https://www.starbucks.com.tr/en/hakkimizda/sirketimiz,2026-10
Starbucks,JORDAN,Alshaya Group,licensee,false,Alshaya-operated Starbucks market; Planet relationship confirmed in UAE,Starbucks Turkiye corporate page (Alshaya-operated markets),https://www.starbucks.com.tr/en/hakkimizda/sirketimiz,2026-10
Starbucks,LEBANON,Alshaya Group,licensee,false,Alshaya-operated Starbucks market; Planet relationship confirmed in UAE,Starbucks Turkiye corporate page (Alshaya-operated markets),https://www.starbucks.com.tr/en/hakkimizda/sirketimiz,2026-10
Starbucks,MOROCCO,Alshaya Group,licensee,false,Alshaya-operated Starbucks market; Planet relationship confirmed in UAE,Starbucks Turkiye corporate page (Alshaya-operated markets),https://www.starbucks.com.tr/en/hakkimizda/sirketimiz,2026-10
Starbucks,KAZAKHSTAN,Alshaya Group,licensee,false,Alshaya-operated Starbucks market; Planet relationship confirmed in UAE,Starbucks Turkiye corporate page (Alshaya-operated markets),https://www.starbucks.com.tr/en/hakkimizda/sirketimiz,2026-10
Starbucks,AZERBAIJAN,Alshaya Group,licensee,false,Alshaya-operated Starbucks market; Planet relationship confirmed in UAE,Starbucks Turkiye corporate page (Alshaya-operated markets),https://www.starbucks.com.tr/en/hakkimizda/sirketimiz,2026-10
Starbucks,GERMANY,AmRest,licensee,true,AmRest operates Starbucks in Germany (bought 144 stores in 2016); Planet serves 559 active Starbucks locations in Germany (193 rows name AmRest directly),Wikipedia AmRest,https://en.wikipedia.org/wiki/AmRest,2026-10
Starbucks,POLAND,AmRest,licensee,false,AmRest operates Starbucks in Poland (since 2008),Wikipedia AmRest,https://en.wikipedia.org/wiki/AmRest,2026-10
Starbucks,CZECH REPUBLIC,AmRest,licensee,false,AmRest opened the first Starbucks in Prague in 2008,Wikipedia AmRest,https://en.wikipedia.org/wiki/AmRest,2026-10
Starbucks,HUNGARY,AmRest,licensee,false,AmRest opened the first Starbucks in Hungary in 2010,Wikipedia AmRest,https://en.wikipedia.org/wiki/AmRest,2026-10
Starbucks,ROMANIA,AmRest,licensee,false,AmRest acquired the Starbucks stores in Romania and Bulgaria in 2015,Wikipedia AmRest,https://en.wikipedia.org/wiki/AmRest,2026-10
Starbucks,BULGARIA,AmRest,licensee,false,AmRest acquired the Starbucks stores in Romania and Bulgaria in 2015,Wikipedia AmRest,https://en.wikipedia.org/wiki/AmRest,2026-10
Starbucks,SERBIA,AmRest,licensee,false,AmRest opened the first Starbucks in Serbia in 2019,Wikipedia AmRest,https://en.wikipedia.org/wiki/AmRest,2026-10
Starbucks,SOUTH KOREA,SCK Company (E-mart 67.5% / GIC 32.5%),licensee,false,Starbucks sold its 50% stake in 2021; E-mart (Shinsegae) holds 67.5% and GIC 32.5%; operates under licence,GIC newsroom (Starbucks transitions Korea to E-Mart and GIC),https://www.gic.com.sg/newsroom/all/starbucks-transitions-retail-business-in-south-korea-to-e-mart-and-gic/,2021-07
Starbucks,CHINA,Starbucks China JV (Boyu Capital 60% / Starbucks 40%),joint_venture_licensee,false,JV closed 2 April 2026; ~8000 company-operated stores transitioning to a licensed model,Starbucks press release (JV with Boyu Capital finalized),https://about.starbucks.com/press/2026/starbucks-and-boyu-capital-finalize-joint-venture-to-accelerate-long-term-growth-in-china/,2026-04-02
Burger King / King Foods,NORWAY,King Food,master_franchisee,true,Existing Planet client (King Food is BK master franchisee in Scandinavia),Wikipedia list of countries with Burger King franchises,https://en.wikipedia.org/wiki/List_of_countries_with_Burger_King_franchises,2025-12
Burger King / King Foods,SWEDEN,King Food,master_franchisee,true,Existing Planet client (King Food is BK master franchisee in Scandinavia),Wikipedia list of countries with Burger King franchises,https://en.wikipedia.org/wiki/List_of_countries_with_Burger_King_franchises,2025-12
Burger King / King Foods,DENMARK,King Food,master_franchisee,true,Existing Planet client (King Food is BK master franchisee in Scandinavia),Wikipedia list of countries with Burger King franchises,https://en.wikipedia.org/wiki/List_of_countries_with_Burger_King_franchises,2025-12
Burger King / King Foods,UNITED KINGDOM,BKUK Group Limited,master_franchisee,true,Planet serves the Burger King UK estate internally,Wikipedia list of countries with Burger King franchises,https://en.wikipedia.org/wiki/List_of_countries_with_Burger_King_franchises,2025-12
Burger King / King Foods,BRAZIL,ZAMP S.A.,master_franchisee,true,Planet serves the Burger King Brazil estate internally,Wikipedia list of countries with Burger King franchises,https://en.wikipedia.org/wiki/List_of_countries_with_Burger_King_franchises,2025-12
Burger King / King Foods,UNITED ARAB EMIRATES,Olayan Group,franchisee,true,Planet serves the Burger King UAE estate internally (74 active locations),Wikipedia list of countries with Burger King franchises,https://en.wikipedia.org/wiki/List_of_countries_with_Burger_King_franchises,2025-12
Burger King / King Foods,SAUDI ARABIA,Olayan Group,franchisee,false,Olayan operates BK in Saudi Arabia; Planet relationship confirmed in UAE,Wikipedia list of countries with Burger King franchises,https://en.wikipedia.org/wiki/List_of_countries_with_Burger_King_franchises,2025-12
Burger King / King Foods,KUWAIT,Olayan Group,franchisee,false,Olayan operates BK in Kuwait; Planet relationship confirmed in UAE,Wikipedia list of countries with Burger King franchises,https://en.wikipedia.org/wiki/List_of_countries_with_Burger_King_franchises,2025-12
Burger King / King Foods,QATAR,Olayan Group,franchisee,false,Olayan operates BK in Qatar; Planet relationship confirmed in UAE,Wikipedia list of countries with Burger King franchises,https://en.wikipedia.org/wiki/List_of_countries_with_Burger_King_franchises,2025-12
Burger King / King Foods,LEBANON,Olayan Group,franchisee,false,Olayan operates BK in Lebanon; Planet relationship confirmed in UAE,Wikipedia list of countries with Burger King franchises,https://en.wikipedia.org/wiki/List_of_countries_with_Burger_King_franchises,2025-12
Burger King / King Foods,SPAIN,Restaurant Brands Iberia,master_franchisee,false,RBI operates Spain and Portugal,Wikipedia list of countries with Burger King franchises,https://en.wikipedia.org/wiki/List_of_countries_with_Burger_King_franchises,2025-12
Burger King / King Foods,PORTUGAL,Restaurant Brands Iberia,master_franchisee,false,RBI operates Spain and Portugal,Wikipedia list of countries with Burger King franchises,https://en.wikipedia.org/wiki/List_of_countries_with_Burger_King_franchises,2025-12
Burger King / King Foods,GERMANY,Burger King Deutschland (McWin),master_franchisee,false,McWin-backed master franchisee,Wikipedia list of countries with Burger King franchises,https://en.wikipedia.org/wiki/List_of_countries_with_Burger_King_franchises,2025-12
Burger King / King Foods,FRANCE,Bertrand Group,master_franchisee,false,Bertrand Group operates Burger King France,Wikipedia list of countries with Burger King franchises,https://en.wikipedia.org/wiki/List_of_countries_with_Burger_King_franchises,2025-12
Burger King / King Foods,TURKEY,TAB Gida,master_franchisee,false,TAB Gida operates Burger King Turkey,Wikipedia list of countries with Burger King franchises,https://en.wikipedia.org/wiki/List_of_countries_with_Burger_King_franchises,2025-12
Burger King / King Foods,ITALY,QSRP (Kharis Capital),master_franchisee,false,QSRP operates Burger King Italy,Wikipedia list of countries with Burger King franchises,https://en.wikipedia.org/wiki/List_of_countries_with_Burger_King_franchises,2025-12
Burger King / King Foods,BELGIUM,QSRP (Kharis Capital),franchisee,false,Former Quick restaurants rebranded as Burger King,Wikipedia list of countries with Burger King franchises,https://en.wikipedia.org/wiki/List_of_countries_with_Burger_King_franchises,2025-12
Burger King / King Foods,POLAND,Rex Concepts CEE (McWin),master_franchisee,false,McWin-backed CEE operator,Wikipedia list of countries with Burger King franchises,https://en.wikipedia.org/wiki/List_of_countries_with_Burger_King_franchises,2025-12
Burger King / King Foods,CZECH REPUBLIC,Rex Concepts CEE (McWin),master_franchisee,false,McWin-backed CEE operator,Wikipedia list of countries with Burger King franchises,https://en.wikipedia.org/wiki/List_of_countries_with_Burger_King_franchises,2025-12
Burger King / King Foods,ROMANIA,Rex Concepts CEE (McWin),master_franchisee,false,McWin-backed CEE operator,Wikipedia list of countries with Burger King franchises,https://en.wikipedia.org/wiki/List_of_countries_with_Burger_King_franchises,2025-12
Burger King / King Foods,NETHERLANDS,BKNL B.V. (Standard Investment),franchisee,false,Standard Investment owns BK Netherlands,Wikipedia list of countries with Burger King franchises,https://en.wikipedia.org/wiki/List_of_countries_with_Burger_King_franchises,2025-12
Burger King / King Foods,SWITZERLAND,QR Group,franchisee,false,QR Group operates BK Switzerland,Wikipedia list of countries with Burger King franchises,https://en.wikipedia.org/wiki/List_of_countries_with_Burger_King_franchises,2025-12
Burger King / King Foods,AUSTRIA,Theophil Group,franchisee,false,Theophil Group operates BK Austria,Wikipedia list of countries with Burger King franchises,https://en.wikipedia.org/wiki/List_of_countries_with_Burger_King_franchises,2025-12
Burger King / King Foods,HUNGARY,Fusion Group,franchisee,false,Fusion Group operates BK Hungary,Wikipedia list of countries with Burger King franchises,https://en.wikipedia.org/wiki/List_of_countries_with_Burger_King_franchises,2025-12
Burger King / King Foods,IRELAND,OKR Group,franchisee,false,OKR Group operates BK Ireland,Wikipedia list of countries with Burger King franchises,https://en.wikipedia.org/wiki/List_of_countries_with_Burger_King_franchises,2025-12
Burger King / King Foods,FINLAND,Restel,franchisee,false,Restel operates BK Finland,Wikipedia list of countries with Burger King franchises,https://en.wikipedia.org/wiki/List_of_countries_with_Burger_King_franchises,2025-12
Burger King / King Foods,UNITED STATES,Burger King Corporation (RBI) and franchisees,corporate_and_franchisees,false,Mixed corporate and franchised estate,Wikipedia list of countries with Burger King franchises,https://en.wikipedia.org/wiki/List_of_countries_with_Burger_King_franchises,2025-12
Burger King / King Foods,CANADA,Redberry Investments Inc.,franchisee,false,Redberry operates BK Canada,Wikipedia list of countries with Burger King franchises,https://en.wikipedia.org/wiki/List_of_countries_with_Burger_King_franchises,2025-12
Burger King / King Foods,MEXICO,Burger King Mexicana S.A. de C.V.,master_franchisee,false,Burger King Mexicana operates BK Mexico,Wikipedia list of countries with Burger King franchises,https://en.wikipedia.org/wiki/List_of_countries_with_Burger_King_franchises,2025-12
Burger King / King Foods,AUSTRALIA,Hungry Jack's Pty Ltd (Competitive Foods Australia),master_franchisee,false,Operates Burger King in Australia under the Hungry Jack's brand,Wikipedia list of countries with Burger King franchises,https://en.wikipedia.org/wiki/List_of_countries_with_Burger_King_franchises,2025-12
Burger King / King Foods,JAPAN,Goldman Sachs Alternatives,franchisee,false,Private-equity owned,Wikipedia list of countries with Burger King franchises,https://en.wikipedia.org/wiki/List_of_countries_with_Burger_King_franchises,2025-12
Burger King / King Foods,SOUTH KOREA,Affinity Equity Partners,franchisee,false,Private-equity owned,Wikipedia list of countries with Burger King franchises,https://en.wikipedia.org/wiki/List_of_countries_with_Burger_King_franchises,2025-12
Burger King / King Foods,INDIA,Restaurant Brands Asia,master_franchisee,false,Listed master franchisee for India and Indonesia,Wikipedia list of countries with Burger King franchises,https://en.wikipedia.org/wiki/List_of_countries_with_Burger_King_franchises,2025-12
Burger King / King Foods,INDONESIA,Restaurant Brands Asia,master_franchisee,false,Listed master franchisee for India and Indonesia,Wikipedia list of countries with Burger King franchises,https://en.wikipedia.org/wiki/List_of_countries_with_Burger_King_franchises,2025-12
Burger King / King Foods,CHINA,CPE (Burger King China),master_franchisee,false,CPE named as operator of Burger King China,Wikipedia list of countries with Burger King franchises,https://en.wikipedia.org/wiki/List_of_countries_with_Burger_King_franchises,2025-12
Burger King / King Foods,CHILE,Alsea,franchisee,false,Alsea operates BK Chile,Wikipedia list of countries with Burger King franchises,https://en.wikipedia.org/wiki/List_of_countries_with_Burger_King_franchises,2025-12
Burger King / King Foods,COLOMBIA,Kinco S.A.,franchisee,false,Kinco operates BK Colombia,Wikipedia list of countries with Burger King franchises,https://en.wikipedia.org/wiki/List_of_countries_with_Burger_King_franchises,2025-12
Burger King / King Foods,SINGAPORE,Rancak Selera,franchisee,false,Rancak Selera operates BK Singapore,Wikipedia list of countries with Burger King franchises,https://en.wikipedia.org/wiki/List_of_countries_with_Burger_King_franchises,2025-12
Burger King / King Foods,KAZAKHSTAN,Holten Group,franchisee,false,Holten Group operates BK Kazakhstan,Wikipedia list of countries with Burger King franchises,https://en.wikipedia.org/wiki/List_of_countries_with_Burger_King_franchises,2025-12
Burger King / King Foods,VIETNAM,Imex Pan-Pacific Group,franchisee,false,Imex Pan-Pacific operates BK Vietnam,Wikipedia list of countries with Burger King franchises,https://en.wikipedia.org/wiki/List_of_countries_with_Burger_King_franchises,2025-12
Burger King / King Foods,GREECE,SSP Group,franchisee,false,SSP Group operates BK in Greece; Planet serves SSP Group elsewhere,Wikipedia list of countries with Burger King franchises,https://en.wikipedia.org/wiki/List_of_countries_with_Burger_King_franchises,2025-12
SSP,GLOBAL,SSP Group,corporate,true,Planet serves SSP Group (1982 active locations across 30 countries internally),SSP Group Q1 FY2025 trading update,https://www.foodtravelexperts.com/media/zgumb51w/ssp-group-plc-q1-trading-update-2025.pdf,2024-12-31
Luxottica,UNITED STATES,EssilorLuxottica,corporate,false,Corporate-owned banners (LensCrafters / Sunglass Hut / Target Optical / Pearle Vision); Planet serves this operator elsewhere via Sunglass Hut,Wikipedia citing EssilorLuxottica Universal Registration Document 2025,https://en.wikipedia.org/wiki/EssilorLuxottica,2025-12-31
Luxottica,GLOBAL,EssilorLuxottica,corporate,true,Planet already serves EssilorLuxottica via Sunglass Hut (487 active locations across 17 countries),Wikipedia citing EssilorLuxottica Universal Registration Document 2025,https://en.wikipedia.org/wiki/EssilorLuxottica,2025-12-31
Four Seasons,GLOBAL,Four Seasons Hotels and Resorts,management_company,true,Planet serves Four Seasons properties internally across multiple countries,Four Seasons official property directory,https://www.fourseasons.com/find_a_hotel_or_resort/,2026-10-01
